Block/Day/State Update,Txs/State Updates,Project
3703,14,Aztec Connect
3704,8,Aztec Connect
3705,8,Aztec Connect
3706,4,Aztec Connect
3707,6,Aztec Connect
3708,48,Aztec Connect
3709,14,Aztec Connect
3710,9,Aztec Connect
3711,3,Aztec Connect
3712,8,Aztec Connect
3713,1,Aztec Connect
3714,8,Aztec Connect
3715,4,Aztec Connect
3716,5,Aztec Connect
3717,2,Aztec Connect
3718,1,Aztec Connect
3719,13,Aztec Connect
3720,7,Aztec Connect
3721,19,Aztec Connect
3722,3,Aztec Connect
3723,4,Aztec Connect
3724,14,Aztec Connect
3725,2,Aztec Connect
3726,1,Aztec Connect
3727,9,Aztec Connect
3728,3,Aztec Connect
3729,2,Aztec Connect
3730,3,Aztec Connect
3731,1,Aztec Connect
3732,4,Aztec Connect
3733,3,Aztec Connect
3734,2,Aztec Connect
3735,2,Aztec Connect
5297,83,StarkNet
5296,101,StarkNet
5295,67,StarkNet
5294,136,StarkNet
5293,97,StarkNet
5292,39,StarkNet
5291,128,StarkNet
5290,117,StarkNet
5289,45,StarkNet
5288,45,StarkNet
5287,132,StarkNet
5286,150,StarkNet
5285,65,StarkNet
5284,148,StarkNet
5283,146,StarkNet
5282,84,StarkNet
5281,122,StarkNet
5280,97,StarkNet
5279,62,StarkNet
5278,118,StarkNet
5277,87,StarkNet
5276,90,StarkNet
5275,97,StarkNet
5274,95,StarkNet
5273,110,StarkNet
5272,97,StarkNet
5271,99,StarkNet
5270,75,StarkNet
5269,75,StarkNet
5268,91,StarkNet
5267,104,StarkNet
5266,156,StarkNet
5265,82,StarkNet
5264,103,StarkNet
5263,79,StarkNet
5262,95,StarkNet
5261,86,StarkNet
5260,141,StarkNet
5259,87,StarkNet
5258,101,StarkNet
5257,110,StarkNet
5256,111,StarkNet
5255,129,StarkNet
5254,80,StarkNet
5253,88,StarkNet
5252,109,StarkNet
5251,135,StarkNet
5250,84,StarkNet
5249,101,StarkNet
5248,120,StarkNet
5247,68,StarkNet
5246,106,StarkNet
5245,72,StarkNet
5244,119,StarkNet
5243,90,StarkNet
5242,127,StarkNet
5241,69,StarkNet
5240,99,StarkNet
5239,120,StarkNet
5238,124,StarkNet
5237,104,StarkNet
5236,68,StarkNet
5235,88,StarkNet
5234,112,StarkNet
5233,106,StarkNet
5232,95,StarkNet
5231,79,StarkNet
5230,80,StarkNet
5229,121,StarkNet
5228,73,StarkNet
5227,108,StarkNet
5226,94,StarkNet
5225,58,StarkNet
5224,95,StarkNet
5223,43,StarkNet
5222,66,StarkNet
5221,113,StarkNet
5220,114,StarkNet
5219,77,StarkNet
5218,77,StarkNet
5217,90,StarkNet
5216,73,StarkNet
5215,122,StarkNet
5214,87,StarkNet
5213,133,StarkNet
5212,95,StarkNet
5211,72,StarkNet
5210,87,StarkNet
5209,107,StarkNet
5208,67,StarkNet
5207,78,StarkNet
5206,92,StarkNet
5205,74,StarkNet
5204,61,StarkNet
5203,102,StarkNet
5202,108,StarkNet
5201,94,StarkNet
5200,113,StarkNet
5199,119,StarkNet
5198,77,StarkNet
5197,59,StarkNet
5196,68,StarkNet
5195,84,StarkNet
5194,76,StarkNet
5193,80,StarkNet
5192,92,StarkNet
5191,104,StarkNet
5190,126,StarkNet
5189,83,StarkNet
5188,55,StarkNet
5187,71,StarkNet
5186,97,StarkNet
5185,88,StarkNet
5184,88,StarkNet
5183,75,StarkNet
5182,100,StarkNet
5181,77,StarkNet
5180,116,StarkNet
5179,77,StarkNet
5178,107,StarkNet
5177,80,StarkNet
5176,94,StarkNet
5175,98,StarkNet
5174,76,StarkNet
5173,60,StarkNet
5172,75,StarkNet
5171,66,StarkNet
5170,76,StarkNet
5169,64,StarkNet
5168,75,StarkNet
5167,53,StarkNet
5166,52,StarkNet
5165,67,StarkNet
5164,72,StarkNet
5163,80,StarkNet
5162,70,StarkNet
5161,58,StarkNet
5160,55,StarkNet
5159,51,StarkNet
5158,60,StarkNet
5157,65,StarkNet
5156,66,StarkNet
5155,53,StarkNet
5154,57,StarkNet
5153,51,StarkNet
5152,73,StarkNet
5151,105,StarkNet
5150,62,StarkNet
5149,70,StarkNet
5148,55,StarkNet
5147,68,StarkNet
5146,69,StarkNet
5145,69,StarkNet
5144,74,StarkNet
5143,65,StarkNet
5142,72,StarkNet
5141,77,StarkNet
5140,59,StarkNet
5139,47,StarkNet
5138,70,StarkNet
5137,64,StarkNet
5136,64,StarkNet
5135,51,StarkNet
5134,62,StarkNet
5133,88,StarkNet
5132,79,StarkNet
5131,64,StarkNet
5130,45,StarkNet
5129,69,StarkNet
5128,61,StarkNet
5127,62,StarkNet
5126,57,StarkNet
5125,65,StarkNet
5124,102,StarkNet
5123,90,StarkNet
5122,85,StarkNet
5121,74,StarkNet
5120,86,StarkNet
5119,81,StarkNet
5118,109,StarkNet
5117,102,StarkNet
5116,99,StarkNet
5115,88,StarkNet
5114,83,StarkNet
5113,80,StarkNet
5112,81,StarkNet
5111,57,StarkNet
5110,59,StarkNet
5109,60,StarkNet
5108,70,StarkNet
5107,63,StarkNet
5106,60,StarkNet
5105,56,StarkNet
5104,55,StarkNet
5103,49,StarkNet
5102,50,StarkNet
5101,48,StarkNet
5100,72,StarkNet
5099,59,StarkNet
5098,66,StarkNet
5097,55,StarkNet
5096,97,StarkNet
5095,74,StarkNet
5094,71,StarkNet
5093,74,StarkNet
5092,70,StarkNet
5091,72,StarkNet
5090,66,StarkNet
5089,78,StarkNet
5088,60,StarkNet
5087,86,StarkNet
5086,80,StarkNet
5085,93,StarkNet
5084,90,StarkNet
5083,119,StarkNet
5082,95,StarkNet
5081,134,StarkNet
5080,101,StarkNet
5079,112,StarkNet
5078,118,StarkNet
9/20/22,22690,IMX
9/21/22,27348,IMX
9/22/22,22882,IMX
9/23/22,26210,IMX
9/24/22,27987,IMX
9/25/22,30927,IMX
9/26/22,27383,IMX
15414,77,zkSync
15415,120,zkSync
15416,71,zkSync
15417,94,zkSync
15418,111,zkSync
15419,151,zkSync
15420,88,zkSync
15421,104,zkSync
15422,147,zkSync
15423,144,zkSync
15424,107,zkSync
15425,138,zkSync
15426,109,zkSync
15427,122,zkSync
15428,120,zkSync
15429,121,zkSync
15430,146,zkSync
15431,105,zkSync
15432,99,zkSync
15433,138,zkSync
15434,118,zkSync
15435,87,zkSync
15436,101,zkSync
15437,99,zkSync
15438,146,zkSync
15439,105,zkSync
15440,133,zkSync
15441,126,zkSync
15442,122,zkSync
15443,144,zkSync
15444,142,zkSync
15445,112,zkSync
15446,101,zkSync
15447,73,zkSync
15448,175,zkSync
15449,137,zkSync
15450,160,zkSync
15451,128,zkSync
15452,171,zkSync
15453,138,zkSync
15454,109,zkSync
15455,118,zkSync
15456,135,zkSync
15457,124,zkSync
15458,97,zkSync
15459,140,zkSync
15460,112,zkSync
15461,96,zkSync
15462,94,zkSync
15463,104,zkSync
15464,131,zkSync
15465,138,zkSync
15466,125,zkSync
15467,163,zkSync
15468,89,zkSync
15469,129,zkSync
15470,147,zkSync
15471,135,zkSync
15472,120,zkSync
15473,108,zkSync
15474,152,zkSync
15475,131,zkSync
15476,99,zkSync
15477,136,zkSync
15478,173,zkSync
15479,92,zkSync
15480,163,zkSync
15481,143,zkSync
15482,123,zkSync
15483,150,zkSync
15484,111,zkSync
15485,147,zkSync
15486,150,zkSync
15487,113,zkSync
15488,90,zkSync
15489,108,zkSync
15490,121,zkSync
15491,94,zkSync
15492,112,zkSync
15493,109,zkSync
15494,129,zkSync
15495,120,zkSync
15496,125,zkSync
15497,139,zkSync
15498,148,zkSync
15499,123,zkSync
15500,111,zkSync
15501,121,zkSync
15502,164,zkSync
15503,114,zkSync
15504,108,zkSync
15505,114,zkSync
15506,114,zkSync
15507,134,zkSync
15508,117,zkSync
15509,106,zkSync
15510,130,zkSync
15511,90,zkSync
15512,98,zkSync
15513,130,zkSync
15515,161,zkSync
15516,161,zkSync
15517,108,zkSync
15518,119,zkSync
15519,113,zkSync
15520,86,zkSync
15521,114,zkSync
15522,136,zkSync
15523,118,zkSync
15524,83,zkSync
15525,133,zkSync
15526,105,zkSync
15527,166,zkSync
15528,147,zkSync
15529,126,zkSync
15530,110,zkSync
15531,106,zkSync
15532,149,zkSync
15533,137,zkSync
15534,142,zkSync
15535,132,zkSync
15536,111,zkSync
15537,106,zkSync
15538,97,zkSync
15539,113,zkSync
15540,112,zkSync
15541,83,zkSync
15542,122,zkSync
15543,99,zkSync
15544,151,zkSync
15545,138,zkSync
15546,151,zkSync
15547,163,zkSync
15548,135,zkSync
15549,108,zkSync
15550,137,zkSync
15551,160,zkSync
15552,155,zkSync
15553,107,zkSync
15554,128,zkSync
15555,126,zkSync
15556,162,zkSync
15557,156,zkSync
15558,115,zkSync
15559,95,zkSync
15560,134,zkSync
15561,154,zkSync
15562,95,zkSync
15563,138,zkSync
15564,150,zkSync
15565,141,zkSync
15566,162,zkSync
15567,147,zkSync
15568,104,zkSync
15569,125,zkSync
15570,119,zkSync
15571,157,zkSync
15572,102,zkSync
15573,140,zkSync
15574,127,zkSync
15575,82,zkSync
15576,134,zkSync
15577,138,zkSync
15578,110,zkSync
15579,143,zkSync
15580,146,zkSync
15581,136,zkSync
15582,122,zkSync
15583,95,zkSync
15584,141,zkSync
15585,76,zkSync
15586,171,zkSync
15587,111,zkSync
15588,104,zkSync
15589,136,zkSync
15590,119,zkSync
15591,149,zkSync
15592,152,zkSync
15593,153,zkSync
15594,123,zkSync
15595,102,zkSync
15596,146,zkSync
15597,156,zkSync
15598,114,zkSync
15599,135,zkSync
15600,155,zkSync
15601,113,zkSync
15602,155,zkSync
15603,95,zkSync
15604,126,zkSync
15605,91,zkSync
15606,96,zkSync
15607,124,zkSync
15608,131,zkSync
15609,120,zkSync
15610,109,zkSync
15611,98,zkSync
15612,91,zkSync
15613,124,zkSync
15614,127,zkSync
15615,137,zkSync
15616,136,zkSync
15617,97,zkSync
15618,139,zkSync
15619,88,zkSync
15620,116,zkSync
15621,165,zkSync
15622,154,zkSync
15623,93,zkSync
15624,142,zkSync
15625,110,zkSync
15626,111,zkSync
15627,98,zkSync
15628,109,zkSync
15629,118,zkSync
15630,97,zkSync
15631,150,zkSync
15632,151,zkSync
15633,129,zkSync
15634,105,zkSync
15635,97,zkSync
15636,147,zkSync
15637,99,zkSync
15638,114,zkSync
15639,126,zkSync
15640,147,zkSync
15641,105,zkSync
15642,115,zkSync
15643,108,zkSync
15644,95,zkSync
15645,109,zkSync
15646,122,zkSync
15647,156,zkSync
15648,109,zkSync
15649,137,zkSync
15650,135,zkSync
15651,134,zkSync
15652,147,zkSync
15653,152,zkSync
15654,149,zkSync
15655,128,zkSync
15656,123,zkSync
15657,155,zkSync
15658,147,zkSync
15659,121,zkSync
15660,98,zkSync
15661,125,zkSync
15662,119,zkSync
15663,106,zkSync
15664,130,zkSync
15665,115,zkSync
15666,107,zkSync
15667,126,zkSync
15668,110,zkSync
15669,145,zkSync
15670,134,zkSync
15671,146,zkSync
15672,102,zkSync
15673,147,zkSync
15674,110,zkSync
15675,132,zkSync
15676,112,zkSync
15677,144,zkSync
15678,111,zkSync
15679,141,zkSync
15680,123,zkSync
15681,121,zkSync
15682,110,zkSync
15683,131,zkSync
15684,127,zkSync
15685,149,zkSync
15686,103,zkSync
15687,133,zkSync
15688,138,zkSync
15689,130,zkSync
15690,137,zkSync
15691,149,zkSync
15692,165,zkSync
15693,158,zkSync
15694,88,zkSync
15695,157,zkSync
15696,139,zkSync
15697,151,zkSync
15698,116,zkSync
15699,122,zkSync
15700,114,zkSync
15701,114,zkSync
15702,157,zkSync
15703,144,zkSync
15704,129,zkSync
15705,94,zkSync
15706,109,zkSync
15707,150,zkSync
15708,79,zkSync
15709,91,zkSync
15710,139,zkSync
15711,146,zkSync
15712,122,zkSync
15713,122,zkSync
15714,159,zkSync
15715,96,zkSync
15716,142,zkSync
15717,152,zkSync
15718,127,zkSync
15719,117,zkSync
15720,151,zkSync
15721,136,zkSync
15722,117,zkSync
15723,109,zkSync
15724,121,zkSync
15725,100,zkSync
15726,162,zkSync
15727,107,zkSync
15728,109,zkSync
15729,139,zkSync
15730,101,zkSync
15731,79,zkSync
15732,144,zkSync
15733,153,zkSync
15734,131,zkSync
15735,105,zkSync
15736,125,zkSync
15737,111,zkSync
15738,168,zkSync
15739,110,zkSync
15740,132,zkSync
15741,138,zkSync
15742,127,zkSync
15743,115,zkSync
15744,133,zkSync
15745,88,zkSync
15746,115,zkSync
15747,116,zkSync
15748,108,zkSync
15749,92,zkSync
15750,170,zkSync
15751,142,zkSync
15752,139,zkSync
15753,144,zkSync
15754,158,zkSync
15755,142,zkSync
15756,141,zkSync
15757,148,zkSync
15758,133,zkSync
15759,152,zkSync
15760,151,zkSync
15761,107,zkSync
15762,128,zkSync
15763,126,zkSync
15764,119,zkSync
15765,117,zkSync
15766,94,zkSync
15767,146,zkSync
15768,147,zkSync
15769,111,zkSync
15770,109,zkSync
15771,117,zkSync
15772,125,zkSync
15773,141,zkSync
15774,129,zkSync
15775,117,zkSync
15776,156,zkSync
15777,132,zkSync
15778,109,zkSync
15779,122,zkSync
15780,161,zkSync
15781,150,zkSync
15782,129,zkSync
15783,111,zkSync
15784,109,zkSync
15785,139,zkSync
15786,134,zkSync
15787,135,zkSync
15788,102,zkSync
15789,119,zkSync
15790,110,zkSync
15791,160,zkSync
15792,129,zkSync
15793,121,zkSync
15794,91,zkSync
15795,153,zkSync
15796,120,zkSync
15797,139,zkSync
15798,141,zkSync
15799,144,zkSync
15800,137,zkSync
15801,135,zkSync
15802,151,zkSync
15803,145,zkSync
15804,144,zkSync
15805,143,zkSync
15806,114,zkSync
15807,153,zkSync
15808,129,zkSync
15809,118,zkSync
15810,83,zkSync
15811,118,zkSync
15812,131,zkSync
15813,113,zkSync
15814,127,zkSync
15815,141,zkSync
15816,147,zkSync
15817,138,zkSync
15818,92,zkSync
15819,140,zkSync
15820,127,zkSync
15821,154,zkSync
15822,149,zkSync
15823,140,zkSync
15824,126,zkSync
15825,111,zkSync
15826,137,zkSync
15827,141,zkSync
15828,151,zkSync
15829,98,zkSync
15830,132,zkSync
15831,122,zkSync
15832,98,zkSync
15833,111,zkSync
15834,135,zkSync
15835,127,zkSync
15836,124,zkSync
15837,137,zkSync
15838,147,zkSync
15839,126,zkSync
15840,154,zkSync
15841,111,zkSync
15842,123,zkSync
15843,131,zkSync
15844,125,zkSync
15845,121,zkSync
15846,133,zkSync
15847,124,zkSync
15848,139,zkSync
15849,121,zkSync
15850,119,zkSync
15851,126,zkSync
15852,130,zkSync
15853,119,zkSync
15854,122,zkSync
15855,116,zkSync
15856,108,zkSync
15857,130,zkSync
15858,130,zkSync
15859,152,zkSync
15860,111,zkSync
15861,145,zkSync
15862,139,zkSync
15863,138,zkSync
15864,159,zkSync
15865,146,zkSync
15866,109,zkSync
15867,123,zkSync
15868,138,zkSync
15869,103,zkSync
15870,144,zkSync
15871,115,zkSync
15872,125,zkSync
15873,146,zkSync
15874,99,zkSync
15875,100,zkSync
15876,120,zkSync
15877,160,zkSync
15878,152,zkSync
15879,102,zkSync
15880,119,zkSync
15881,143,zkSync
15882,127,zkSync
15883,132,zkSync
15884,143,zkSync
15885,112,zkSync
15886,146,zkSync
15887,137,zkSync
15888,159,zkSync
15889,143,zkSync
15890,147,zkSync
15891,121,zkSync
15892,119,zkSync
15893,118,zkSync
15894,157,zkSync
15895,107,zkSync
15896,97,zkSync
15897,104,zkSync
15898,97,zkSync
15899,122,zkSync
15900,117,zkSync
15901,116,zkSync
15902,109,zkSync
15903,128,zkSync
15904,114,zkSync
15905,123,zkSync
15906,112,zkSync
15907,116,zkSync
15908,101,zkSync
15909,153,zkSync
15910,109,zkSync
15911,102,zkSync
15912,133,zkSync
15913,112,zkSync
15914,110,zkSync
15915,166,zkSync
15916,128,zkSync
15917,106,zkSync
15918,135,zkSync
15919,144,zkSync
15920,141,zkSync
15921,146,zkSync
15922,127,zkSync
15923,110,zkSync
15924,131,zkSync
15925,124,zkSync
15926,114,zkSync
15927,153,zkSync
15928,119,zkSync
15929,111,zkSync
15930,138,zkSync
15931,141,zkSync
15932,128,zkSync
15933,123,zkSync
15934,134,zkSync
15935,117,zkSync
15936,151,zkSync
15937,122,zkSync
15938,94,zkSync
15939,120,zkSync
15940,145,zkSync
15941,139,zkSync
15942,117,zkSync
15943,122,zkSync
15944,112,zkSync
15945,117,zkSync
15946,166,zkSync
15947,100,zkSync
15948,107,zkSync
15949,118,zkSync
15950,134,zkSync
15951,134,zkSync
15952,123,zkSync
15953,126,zkSync
15954,107,zkSync
15955,137,zkSync
15956,112,zkSync
15957,134,zkSync
15958,127,zkSync
15959,136,zkSync
15960,141,zkSync
15961,105,zkSync
15962,134,zkSync
15963,113,zkSync
15964,144,zkSync
15965,120,zkSync
15966,160,zkSync
15967,154,zkSync
15968,114,zkSync
15969,128,zkSync
15970,131,zkSync
15971,135,zkSync
15972,106,zkSync
15973,146,zkSync
15974,133,zkSync
15975,162,zkSync
15976,118,zkSync
15977,115,zkSync
15978,146,zkSync
15979,120,zkSync
15980,133,zkSync
15981,93,zkSync
15982,119,zkSync
15983,113,zkSync
15984,136,zkSync
15985,131,zkSync
15986,138,zkSync
15987,138,zkSync
15988,98,zkSync
15989,136,zkSync
15990,170,zkSync
15991,153,zkSync
15992,132,zkSync
15993,98,zkSync
15994,123,zkSync
15995,120,zkSync
15996,118,zkSync
15997,136,zkSync
15998,108,zkSync
15999,158,zkSync
16000,148,zkSync
16001,136,zkSync
16002,105,zkSync
16003,145,zkSync
16004,147,zkSync
16005,112,zkSync
16006,137,zkSync
16007,132,zkSync
16008,148,zkSync
16009,149,zkSync
16010,124,zkSync
16011,170,zkSync
16012,145,zkSync
16013,141,zkSync
16014,128,zkSync
16015,134,zkSync
16016,159,zkSync
16017,126,zkSync
16018,118,zkSync
16019,147,zkSync
16020,164,zkSync
16021,127,zkSync
16022,147,zkSync
16023,130,zkSync
16024,146,zkSync
16025,120,zkSync
16026,160,zkSync
16027,154,zkSync
16028,145,zkSync
16029,147,zkSync
16030,127,zkSync
16031,129,zkSync
16032,127,zkSync
16033,156,zkSync
16034,148,zkSync
16035,146,zkSync
16036,128,zkSync
16037,120,zkSync
16038,120,zkSync
16039,134,zkSync
16040,121,zkSync
16041,133,zkSync
16042,132,zkSync
16043,131,zkSync
16044,150,zkSync
16045,146,zkSync
16046,149,zkSync
16047,131,zkSync
16048,142,zkSync
16049,168,zkSync
16050,157,zkSync
16051,153,zkSync
16052,132,zkSync
16053,128,zkSync
16054,134,zkSync
16055,146,zkSync
16056,131,zkSync
16057,141,zkSync
16058,164,zkSync
16059,137,zkSync
16060,138,zkSync
16061,125,zkSync
16062,121,zkSync
16063,145,zkSync
16064,163,zkSync
16065,154,zkSync
16066,152,zkSync
16067,148,zkSync
16068,160,zkSync
16069,155,zkSync
16070,136,zkSync
16071,158,zkSync
16072,148,zkSync
16073,130,zkSync
16074,177,zkSync
16075,136,zkSync
16076,162,zkSync
16077,133,zkSync
16078,147,zkSync
16079,153,zkSync
16080,102,zkSync
16081,183,zkSync
16082,143,zkSync
16083,145,zkSync
16084,132,zkSync
16085,136,zkSync
16086,137,zkSync
16087,126,zkSync
16088,152,zkSync
16089,127,zkSync
16090,154,zkSync
16091,123,zkSync
16092,148,zkSync
16093,135,zkSync
16094,151,zkSync
16095,153,zkSync
16096,144,zkSync
16097,151,zkSync
16098,161,zkSync
16099,148,zkSync
16100,154,zkSync
16101,131,zkSync
16102,127,zkSync
16103,128,zkSync
16104,126,zkSync
16105,152,zkSync
16106,141,zkSync
16107,118,zkSync
16108,130,zkSync
16109,151,zkSync
16110,156,zkSync
16111,152,zkSync
16112,127,zkSync
16113,165,zkSync
16114,118,zkSync
16115,161,zkSync
16116,135,zkSync
16117,144,zkSync
16118,137,zkSync
16119,134,zkSync
16120,138,zkSync
16121,163,zkSync
16122,133,zkSync
16123,142,zkSync
16124,152,zkSync
16125,119,zkSync
16126,155,zkSync
16127,144,zkSync
16128,157,zkSync
16129,155,zkSync
16130,141,zkSync
16131,145,zkSync
16132,124,zkSync
16133,157,zkSync
16134,138,zkSync
16135,158,zkSync
16136,131,zkSync
16137,132,zkSync
16138,139,zkSync
16139,143,zkSync
16140,135,zkSync
16141,147,zkSync
16142,121,zkSync
16143,151,zkSync
16144,155,zkSync
16145,130,zkSync
16146,146,zkSync
16147,176,zkSync
16148,145,zkSync
16149,159,zkSync
16150,138,zkSync
16151,128,zkSync
16152,156,zkSync
16153,139,zkSync
16154,136,zkSync
16155,147,zkSync
16156,128,zkSync
16157,161,zkSync
16158,162,zkSync
16159,152,zkSync
16160,124,zkSync
16161,135,zkSync
16162,121,zkSync
16163,146,zkSync
16164,146,zkSync
16165,131,zkSync
16166,143,zkSync
16167,131,zkSync
16168,140,zkSync
16169,144,zkSync
16170,152,zkSync
16171,126,zkSync
16172,137,zkSync
16173,150,zkSync
16174,120,zkSync
16175,143,zkSync
16176,146,zkSync
16177,148,zkSync
16178,148,zkSync
16179,115,zkSync
16180,127,zkSync
16181,133,zkSync
16182,135,zkSync
16183,174,zkSync
16184,148,zkSync
16185,148,zkSync
16186,120,zkSync
16187,149,zkSync
16188,134,zkSync
16189,137,zkSync
16190,157,zkSync
16191,145,zkSync
16192,164,zkSync
16193,110,zkSync
16194,145,zkSync
16195,143,zkSync
16196,139,zkSync
16197,140,zkSync
16198,136,zkSync
16199,132,zkSync
16200,152,zkSync
16201,134,zkSync
16202,145,zkSync
16203,153,zkSync
16204,163,zkSync
16205,138,zkSync
16206,148,zkSync
16207,130,zkSync
16208,167,zkSync
16209,138,zkSync
16210,145,zkSync
16211,161,zkSync
16212,117,zkSync
16213,140,zkSync
16214,145,zkSync
16215,149,zkSync
16216,142,zkSync
16217,148,zkSync
16218,152,zkSync
16219,138,zkSync
16220,121,zkSync
16221,156,zkSync
16222,142,zkSync
16223,130,zkSync
16224,140,zkSync
16225,138,zkSync
16226,145,zkSync
16227,99,zkSync
16228,142,zkSync
16229,137,zkSync
16230,155,zkSync
16231,127,zkSync
16232,122,zkSync
16233,142,zkSync
16234,153,zkSync
16235,135,zkSync
16236,139,zkSync
16237,146,zkSync
16238,124,zkSync
16239,124,zkSync
16240,127,zkSync
16241,141,zkSync
16242,147,zkSync
16243,118,zkSync
16244,141,zkSync
16245,99,zkSync
16246,109,zkSync
16247,140,zkSync
16248,143,zkSync
16249,138,zkSync
16250,123,zkSync
16251,172,zkSync
16252,136,zkSync
16253,146,zkSync
16254,128,zkSync
16255,140,zkSync
16256,133,zkSync
16257,131,zkSync
16258,116,zkSync
16259,119,zkSync
16260,147,zkSync
16261,147,zkSync
16262,128,zkSync
16263,147,zkSync
16264,153,zkSync
16265,135,zkSync
16266,135,zkSync
16267,138,zkSync
16268,130,zkSync
16269,161,zkSync
16270,179,zkSync
16271,136,zkSync
16272,141,zkSync
16273,149,zkSync
16274,151,zkSync
16275,134,zkSync
16276,169,zkSync
16277,163,zkSync
16278,152,zkSync
16279,125,zkSync
16280,135,zkSync
16281,116,zkSync
16282,96,zkSync
16283,141,zkSync
16284,121,zkSync
16285,148,zkSync
16286,152,zkSync
16287,139,zkSync
16288,147,zkSync
16289,126,zkSync
16290,106,zkSync
16291,175,zkSync
16292,107,zkSync
16293,132,zkSync
16294,151,zkSync
16295,133,zkSync
16296,151,zkSync
16297,121,zkSync
16298,142,zkSync
16299,150,zkSync
16300,137,zkSync
16301,151,zkSync
16302,138,zkSync
16303,130,zkSync
16304,153,zkSync
16305,161,zkSync
16306,142,zkSync
16307,150,zkSync
16308,106,zkSync
16309,107,zkSync
16310,128,zkSync
16311,124,zkSync
16312,167,zkSync
16313,131,zkSync
16314,126,zkSync
16315,166,zkSync
16316,129,zkSync
16317,157,zkSync
16318,133,zkSync
16319,114,zkSync
16320,148,zkSync
16321,159,zkSync
16322,157,zkSync
16323,140,zkSync
16324,124,zkSync
16325,112,zkSync
16326,157,zkSync
16327,95,zkSync
16328,116,zkSync
16329,140,zkSync
16330,142,zkSync
16331,95,zkSync
16332,117,zkSync
16333,104,zkSync
16334,182,zkSync
16335,122,zkSync
16336,137,zkSync
16337,150,zkSync
16338,122,zkSync
16339,143,zkSync
16340,176,zkSync
16341,137,zkSync
16342,137,zkSync
16343,133,zkSync
16344,172,zkSync
16345,147,zkSync
16346,115,zkSync
16347,140,zkSync
16348,84,zkSync
16349,138,zkSync
16350,145,zkSync
16351,122,zkSync
16352,147,zkSync
16353,144,zkSync
16354,105,zkSync
16355,103,zkSync
16356,125,zkSync
16357,140,zkSync
16358,146,zkSync
16359,158,zkSync
16360,136,zkSync
16361,126,zkSync
16362,127,zkSync
16363,161,zkSync
16364,151,zkSync
16365,137,zkSync
16366,131,zkSync
16367,146,zkSync
16368,138,zkSync
16369,156,zkSync
16370,134,zkSync
16371,144,zkSync
16372,143,zkSync
16373,144,zkSync
16374,151,zkSync
16375,157,zkSync
16376,118,zkSync
16377,153,zkSync
16378,158,zkSync
16379,123,zkSync
16380,132,zkSync
16381,100,zkSync
16382,165,zkSync
16383,132,zkSync
16384,120,zkSync
16385,149,zkSync
16386,151,zkSync
16387,118,zkSync
16388,155,zkSync
16389,148,zkSync
16390,135,zkSync
16391,172,zkSync
16392,150,zkSync
16393,177,zkSync
16394,123,zkSync
16395,124,zkSync
16396,172,zkSync
16397,153,zkSync
16398,161,zkSync
16399,141,zkSync
16400,150,zkSync
16401,155,zkSync
16402,116,zkSync
16403,144,zkSync
16404,139,zkSync
16405,135,zkSync
16406,135,zkSync
16407,163,zkSync
16408,113,zkSync
16409,165,zkSync
16410,157,zkSync
16411,95,zkSync
16412,173,zkSync
16413,154,zkSync
16414,146,zkSync
16415,174,zkSync
16416,151,zkSync
16417,131,zkSync
16418,158,zkSync
16419,143,zkSync
16420,139,zkSync
16421,89,zkSync
16422,155,zkSync
16423,156,zkSync
16424,122,zkSync
16425,131,zkSync
16426,143,zkSync
16427,151,zkSync
16428,138,zkSync
16429,151,zkSync
16430,130,zkSync
16431,114,zkSync
16432,136,zkSync
16433,133,zkSync
16434,132,zkSync
16435,96,zkSync
16436,134,zkSync
16437,147,zkSync
16438,129,zkSync
16439,155,zkSync
16440,149,zkSync
16441,113,zkSync
16442,135,zkSync
16443,149,zkSync
16444,142,zkSync
16445,152,zkSync
16446,138,zkSync
16447,165,zkSync
16448,130,zkSync
16449,118,zkSync
16450,133,zkSync
16451,152,zkSync
16452,125,zkSync
16453,177,zkSync
16454,111,zkSync
16455,144,zkSync
16456,126,zkSync
16457,148,zkSync
16458,119,zkSync
16459,172,zkSync
16460,132,zkSync
16461,131,zkSync
16462,130,zkSync
16463,178,zkSync
16464,125,zkSync
16465,121,zkSync
16466,142,zkSync
16467,128,zkSync
16468,120,zkSync
16469,161,zkSync
16470,137,zkSync
16471,138,zkSync
16472,162,zkSync
16473,132,zkSync
16474,147,zkSync
16475,148,zkSync
16476,134,zkSync
16477,133,zkSync
16478,150,zkSync
16479,161,zkSync
16480,171,zkSync
16481,112,zkSync
16482,156,zkSync
16483,123,zkSync
16484,125,zkSync
16485,169,zkSync
16486,137,zkSync
16487,149,zkSync
16488,151,zkSync
16489,148,zkSync
16490,133,zkSync
16491,99,zkSync
16492,125,zkSync
16493,142,zkSync
16494,161,zkSync
16495,140,zkSync
16496,171,zkSync
16497,158,zkSync
16498,84,zkSync
16499,108,zkSync
16500,144,zkSync
16501,152,zkSync
16502,121,zkSync
16503,149,zkSync
16504,95,zkSync
16505,121,zkSync
16506,122,zkSync
16507,112,zkSync
16508,164,zkSync
16509,129,zkSync
16510,91,zkSync
16511,152,zkSync
16512,141,zkSync
16513,123,zkSync
16514,123,zkSync
16515,136,zkSync
16516,180,zkSync
16517,119,zkSync
16518,129,zkSync
16519,96,zkSync
16520,121,zkSync
16521,169,zkSync
16522,138,zkSync
16523,153,zkSync
16524,157,zkSync
16525,112,zkSync
16526,150,zkSync
16527,124,zkSync
16528,114,zkSync
16529,154,zkSync
16530,161,zkSync
16531,136,zkSync
16532,96,zkSync
16533,120,zkSync
16534,130,zkSync
16535,125,zkSync
16536,140,zkSync
16537,105,zkSync
16538,137,zkSync
16539,123,zkSync
16540,168,zkSync
16541,106,zkSync
16542,138,zkSync
16543,131,zkSync
16544,129,zkSync
16545,137,zkSync
16546,138,zkSync
16547,109,zkSync
16548,150,zkSync
16549,126,zkSync
16550,167,zkSync
16551,144,zkSync
16552,145,zkSync
16553,132,zkSync
16554,134,zkSync
16555,130,zkSync
16556,106,zkSync
16557,147,zkSync
16558,132,zkSync
16559,141,zkSync
16560,108,zkSync
16561,142,zkSync
16562,170,zkSync
16563,157,zkSync
16564,146,zkSync
16565,101,zkSync
16566,166,zkSync
16567,161,zkSync
16568,112,zkSync
16569,140,zkSync
16570,113,zkSync
16571,144,zkSync
16572,136,zkSync
16573,125,zkSync
16574,100,zkSync
16575,153,zkSync
16576,141,zkSync
16577,179,zkSync
16578,141,zkSync
16579,126,zkSync
16580,184,zkSync
16581,130,zkSync
16582,141,zkSync
16583,182,zkSync
16584,141,zkSync
16585,152,zkSync
16586,132,zkSync
16587,128,zkSync
16588,134,zkSync
16589,185,zkSync
16590,141,zkSync
16591,151,zkSync
16592,163,zkSync
16593,155,zkSync
16594,136,zkSync
16595,130,zkSync
16596,144,zkSync
16597,146,zkSync
16598,167,zkSync
16599,140,zkSync
16600,167,zkSync
16601,165,zkSync
16602,119,zkSync
16603,128,zkSync
16604,172,zkSync
16605,173,zkSync
16606,138,zkSync
16607,139,zkSync
16608,134,zkSync
16609,162,zkSync
16610,124,zkSync
16611,154,zkSync
16612,114,zkSync
16613,143,zkSync
16614,141,zkSync
16615,171,zkSync
16616,128,zkSync
16617,137,zkSync
16618,154,zkSync
16619,145,zkSync
16620,133,zkSync
16621,143,zkSync
16622,134,zkSync
16623,161,zkSync
16624,164,zkSync
16625,151,zkSync
16626,140,zkSync
16627,163,zkSync
16628,167,zkSync
16629,121,zkSync
16630,141,zkSync
16631,139,zkSync
16632,139,zkSync
16633,143,zkSync
16634,159,zkSync
16635,142,zkSync
16636,166,zkSync
16637,149,zkSync
16638,128,zkSync
16639,167,zkSync
16640,175,zkSync
16641,145,zkSync
16642,145,zkSync
16643,147,zkSync
16644,164,zkSync
16645,124,zkSync
16646,154,zkSync
16647,141,zkSync
16648,122,zkSync
16649,159,zkSync
16650,151,zkSync
16651,160,zkSync
16652,125,zkSync
16653,173,zkSync
16654,113,zkSync
16655,167,zkSync
16656,136,zkSync
16657,145,zkSync
16658,153,zkSync
16659,165,zkSync
16660,115,zkSync
16661,135,zkSync
16662,136,zkSync
16663,123,zkSync
16664,134,zkSync
16665,156,zkSync
16666,153,zkSync
16667,156,zkSync
16668,118,zkSync
16669,143,zkSync
16670,158,zkSync
16671,145,zkSync
16672,159,zkSync
16673,169,zkSync
16674,167,zkSync
16675,161,zkSync
16676,168,zkSync
16677,136,zkSync
16678,164,zkSync
16679,162,zkSync
16680,154,zkSync
16681,141,zkSync
16682,142,zkSync
16683,148,zkSync
16684,157,zkSync
16685,150,zkSync
16686,148,zkSync
16687,151,zkSync
16688,146,zkSync
16689,140,zkSync
16690,162,zkSync
16691,162,zkSync
16692,146,zkSync
16693,157,zkSync
16694,163,zkSync
16695,141,zkSync
16696,172,zkSync
16697,170,zkSync
16698,133,zkSync
16699,148,zkSync
16700,120,zkSync
16701,155,zkSync
16702,124,zkSync
16703,138,zkSync
16704,155,zkSync
16705,144,zkSync
16706,158,zkSync
16707,150,zkSync
16708,156,zkSync
16709,147,zkSync
16710,165,zkSync
16711,171,zkSync
16712,150,zkSync
16713,164,zkSync
16714,157,zkSync
16715,166,zkSync
16716,154,zkSync
16717,144,zkSync
16718,172,zkSync
16719,162,zkSync
16720,161,zkSync
16721,152,zkSync
16722,157,zkSync
16723,125,zkSync
16724,166,zkSync
16725,153,zkSync
16726,158,zkSync
16727,146,zkSync
16728,134,zkSync
16729,154,zkSync
16730,144,zkSync
16731,143,zkSync
16732,150,zkSync
16733,138,zkSync
16734,150,zkSync
16735,149,zkSync
16736,129,zkSync
16737,149,zkSync
16738,141,zkSync
16739,128,zkSync
16740,126,zkSync
16741,149,zkSync
16742,169,zkSync
16743,174,zkSync
16744,151,zkSync
16745,144,zkSync
16746,140,zkSync
16747,148,zkSync
16748,161,zkSync
16749,163,zkSync
16750,126,zkSync
16751,142,zkSync
16752,145,zkSync
16753,156,zkSync
16754,152,zkSync
16755,146,zkSync
16756,152,zkSync
16757,144,zkSync
16758,147,zkSync
16759,154,zkSync
16760,160,zkSync
16761,144,zkSync
16762,152,zkSync
16763,137,zkSync
16764,168,zkSync
16765,150,zkSync
16766,171,zkSync
16767,133,zkSync
16768,166,zkSync
16769,161,zkSync
16770,172,zkSync
16771,154,zkSync
16772,156,zkSync
16773,147,zkSync
16774,170,zkSync
16775,137,zkSync
16776,135,zkSync
16777,157,zkSync
16778,179,zkSync
16779,147,zkSync
16780,161,zkSync
16781,155,zkSync
16782,150,zkSync
16783,157,zkSync
16784,167,zkSync
16785,141,zkSync
16786,137,zkSync
16787,149,zkSync
16788,152,zkSync
16789,146,zkSync
16790,148,zkSync
16791,152,zkSync
16792,144,zkSync
16793,147,zkSync
16794,156,zkSync
16795,158,zkSync
16796,164,zkSync
16797,151,zkSync
16798,128,zkSync
16799,145,zkSync
16800,140,zkSync
16801,153,zkSync
16802,158,zkSync
16803,137,zkSync
16804,158,zkSync
16805,163,zkSync
16806,139,zkSync
16807,147,zkSync
16808,134,zkSync
16809,155,zkSync
16810,147,zkSync
16811,163,zkSync
16812,167,zkSync
16813,139,zkSync
16814,145,zkSync
16815,111,zkSync
16816,146,zkSync
16817,147,zkSync
16818,144,zkSync
16819,154,zkSync
16820,140,zkSync
16821,137,zkSync
16822,147,zkSync
16823,160,zkSync
16824,166,zkSync
16825,135,zkSync
16826,142,zkSync
16827,154,zkSync
16828,136,zkSync
16829,166,zkSync
16830,141,zkSync
16831,129,zkSync
16832,155,zkSync
16833,137,zkSync
16834,170,zkSync
16835,159,zkSync
16836,164,zkSync
16837,162,zkSync
16838,155,zkSync
16839,170,zkSync
16840,152,zkSync
16841,125,zkSync
16842,163,zkSync
16843,166,zkSync
16844,169,zkSync
16845,121,zkSync
16846,142,zkSync
16847,134,zkSync
16848,144,zkSync
16849,172,zkSync
16850,131,zkSync
16851,154,zkSync
16852,125,zkSync
16853,151,zkSync
16854,147,zkSync
16855,119,zkSync
16856,147,zkSync
16857,142,zkSync
16858,161,zkSync
16859,128,zkSync
16860,152,zkSync
16861,151,zkSync
16862,157,zkSync
16863,144,zkSync
16864,161,zkSync
16865,146,zkSync
16866,147,zkSync
16867,148,zkSync
16868,166,zkSync
16869,167,zkSync
16870,155,zkSync
16871,158,zkSync
16872,140,zkSync
16873,137,zkSync
16874,160,zkSync
16875,153,zkSync
16876,150,zkSync
16877,162,zkSync
16878,127,zkSync
16879,165,zkSync
16880,166,zkSync
16881,162,zkSync
16882,152,zkSync
16883,147,zkSync
16884,152,zkSync
16885,162,zkSync
16886,131,zkSync
16887,155,zkSync
16888,123,zkSync
16889,115,zkSync
16890,164,zkSync
16891,152,zkSync
16892,135,zkSync
16893,149,zkSync
16894,159,zkSync
16895,165,zkSync
16896,156,zkSync
16897,149,zkSync
16898,156,zkSync
16899,127,zkSync
16900,68,zkSync
16901,72,zkSync
16902,67,zkSync
16903,65,zkSync
16904,72,zkSync
16905,160,zkSync
16906,91,zkSync
16907,72,zkSync
16908,73,zkSync
16909,99,zkSync
16910,92,zkSync
16911,115,zkSync
16912,88,zkSync
16913,96,zkSync
16914,71,zkSync
16915,102,zkSync
16916,69,zkSync
16917,67,zkSync
16918,168,zkSync
16919,167,zkSync
16920,91,zkSync
16921,98,zkSync
16922,89,zkSync
16923,101,zkSync
16924,82,zkSync
16925,69,zkSync
16926,75,zkSync
16927,79,zkSync
16928,81,zkSync
16929,160,zkSync
16930,87,zkSync
16931,83,zkSync
16932,68,zkSync
16933,157,zkSync
16934,91,zkSync
16935,82,zkSync
16936,81,zkSync
16937,146,zkSync
16938,92,zkSync
16939,160,zkSync
16940,70,zkSync
16941,80,zkSync
16942,83,zkSync
16943,88,zkSync
16944,70,zkSync
16945,113,zkSync
16946,158,zkSync
16947,110,zkSync
16948,112,zkSync
16949,80,zkSync
16950,174,zkSync
16951,83,zkSync
16952,121,zkSync
16953,148,zkSync
16954,94,zkSync
16955,75,zkSync
16956,96,zkSync
16957,165,zkSync
16958,82,zkSync
16959,107,zkSync
16960,134,zkSync
16961,168,zkSync
16962,75,zkSync
16963,68,zkSync
16964,82,zkSync
16965,176,zkSync
16966,85,zkSync
16967,172,zkSync
16968,76,zkSync
16969,71,zkSync
16970,156,zkSync
16971,175,zkSync
16972,99,zkSync
16973,182,zkSync
16974,101,zkSync
16975,78,zkSync
16976,68,zkSync
16977,79,zkSync
16978,142,zkSync
16979,94,zkSync
16980,168,zkSync
16981,80,zkSync
16982,152,zkSync
16983,81,zkSync
16984,107,zkSync
16985,86,zkSync
16986,160,zkSync
16987,113,zkSync
16988,167,zkSync
16989,71,zkSync
16990,74,zkSync
16991,78,zkSync
16992,76,zkSync
16993,88,zkSync
16994,73,zkSync
16995,94,zkSync
16996,98,zkSync
16997,81,zkSync
16998,92,zkSync
16999,83,zkSync
17000,155,zkSync
17001,175,zkSync
17002,88,zkSync
17003,115,zkSync
17004,165,zkSync
17005,102,zkSync
17006,116,zkSync
17007,159,zkSync
17008,76,zkSync
17009,75,zkSync
17010,162,zkSync
17011,169,zkSync
17012,96,zkSync
17013,81,zkSync
17014,89,zkSync
17015,86,zkSync
17016,170,zkSync
17017,88,zkSync
17018,179,zkSync
17019,75,zkSync
17020,75,zkSync
17021,81,zkSync
17022,129,zkSync
17023,83,zkSync
17024,96,zkSync
17025,90,zkSync
17026,87,zkSync
17027,102,zkSync
17028,87,zkSync
17029,82,zkSync
17030,89,zkSync
17031,171,zkSync
17032,91,zkSync
17033,92,zkSync
17034,166,zkSync
17035,69,zkSync
17036,88,zkSync
17037,87,zkSync
17038,157,zkSync
17039,105,zkSync
17040,127,zkSync
17041,115,zkSync
17042,88,zkSync
17043,79,zkSync
17044,118,zkSync
17045,96,zkSync
17046,92,zkSync
17047,150,zkSync
17048,171,zkSync
17049,85,zkSync
17050,82,zkSync
17051,162,zkSync
17052,84,zkSync
17053,105,zkSync
17054,111,zkSync
17055,101,zkSync
17056,77,zkSync
17057,82,zkSync
17058,127,zkSync
17059,80,zkSync
17060,121,zkSync
17061,78,zkSync
17062,84,zkSync
17063,86,zkSync
17064,111,zkSync
17065,96,zkSync
17066,104,zkSync
17067,118,zkSync
17068,82,zkSync
17069,146,zkSync
17070,86,zkSync
17071,83,zkSync
17072,99,zkSync
17073,85,zkSync
17074,87,zkSync
17075,72,zkSync
17076,91,zkSync
17077,164,zkSync
17078,156,zkSync
17079,73,zkSync
17080,83,zkSync
17081,75,zkSync
17082,110,zkSync
17083,100,zkSync
17084,80,zkSync
17085,101,zkSync
17086,104,zkSync
17087,105,zkSync
17088,120,zkSync
17089,97,zkSync
17090,92,zkSync
17091,89,zkSync
17092,86,zkSync
17093,104,zkSync
17094,99,zkSync
17095,92,zkSync
17096,99,zkSync
17097,90,zkSync
17098,75,zkSync
17099,174,zkSync
17100,74,zkSync
17101,85,zkSync
17102,86,zkSync
17103,102,zkSync
17104,87,zkSync
17105,88,zkSync
17106,80,zkSync
17107,90,zkSync
17108,86,zkSync
17109,131,zkSync
17110,81,zkSync
17111,82,zkSync
17112,107,zkSync
17113,82,zkSync
17114,83,zkSync
17115,83,zkSync
17116,96,zkSync
17117,96,zkSync
17118,80,zkSync
17119,75,zkSync
17120,84,zkSync
17121,95,zkSync
17122,78,zkSync
17123,112,zkSync
17124,85,zkSync
17125,102,zkSync
17126,87,zkSync
17127,88,zkSync
17128,90,zkSync
17129,168,zkSync
17130,84,zkSync
17131,78,zkSync
17132,80,zkSync
17133,92,zkSync
17134,83,zkSync
17135,103,zkSync
17136,82,zkSync
17137,73,zkSync
17138,95,zkSync
17139,87,zkSync
17140,87,zkSync
17141,98,zkSync
17142,84,zkSync
17143,82,zkSync
17144,87,zkSync
17145,85,zkSync
17146,79,zkSync
17147,78,zkSync
17148,126,zkSync
17149,86,zkSync
17150,96,zkSync
17151,78,zkSync
17152,77,zkSync
17153,88,zkSync
17154,76,zkSync
17155,87,zkSync
17156,163,zkSync
17157,142,zkSync
17158,87,zkSync
17159,155,zkSync
17160,77,zkSync
17161,91,zkSync
17162,108,zkSync
17163,112,zkSync
17164,91,zkSync
17165,125,zkSync
17166,88,zkSync
17167,166,zkSync
17168,79,zkSync
17169,166,zkSync
17170,167,zkSync
17171,85,zkSync
17172,176,zkSync
17173,80,zkSync
17174,80,zkSync
17175,146,zkSync
17176,81,zkSync
17177,176,zkSync
17178,74,zkSync
17179,86,zkSync
17180,80,zkSync
17181,97,zkSync
17182,150,zkSync
17183,89,zkSync
17184,146,zkSync
17185,66,zkSync
17186,77,zkSync
17187,92,zkSync
17188,83,zkSync
17189,74,zkSync
17190,98,zkSync
17191,79,zkSync
17192,78,zkSync
17193,94,zkSync
17194,99,zkSync
17195,90,zkSync
17196,92,zkSync
17197,147,zkSync
17198,81,zkSync
17199,75,zkSync
17200,94,zkSync
17201,85,zkSync
17202,79,zkSync
17203,99,zkSync
17204,81,zkSync
17205,81,zkSync
17206,79,zkSync
17207,76,zkSync
17208,85,zkSync
17209,91,zkSync
17210,100,zkSync
17211,74,zkSync
17212,90,zkSync
17213,83,zkSync
17214,83,zkSync
17215,73,zkSync
17216,85,zkSync
17217,91,zkSync
17218,75,zkSync
17219,76,zkSync
17220,90,zkSync
17221,76,zkSync
17222,83,zkSync
17223,91,zkSync
17224,78,zkSync
17225,83,zkSync
17226,76,zkSync
17227,86,zkSync
17228,82,zkSync
17229,76,zkSync
17230,77,zkSync
17231,95,zkSync
17232,79,zkSync
17233,77,zkSync
17234,73,zkSync
17235,77,zkSync
17236,87,zkSync
17237,82,zkSync
17238,77,zkSync
17239,91,zkSync
17240,89,zkSync
17241,90,zkSync
17242,81,zkSync
17243,75,zkSync
17244,78,zkSync
17245,99,zkSync
17246,73,zkSync
17247,90,zkSync
17248,85,zkSync
17249,84,zkSync
17250,84,zkSync
17251,76,zkSync
17252,82,zkSync
17253,77,zkSync
17254,79,zkSync
17255,87,zkSync
17256,93,zkSync
17257,88,zkSync
17258,80,zkSync
17259,76,zkSync
17260,70,zkSync
17261,71,zkSync
17262,80,zkSync
17263,84,zkSync
17264,81,zkSync
17265,86,zkSync
17266,94,zkSync
17267,77,zkSync
17268,75,zkSync
17269,88,zkSync
17270,79,zkSync
17271,89,zkSync
17272,90,zkSync
17273,79,zkSync
17274,75,zkSync
17275,79,zkSync
17276,75,zkSync
17277,77,zkSync
17278,82,zkSync
17279,89,zkSync
17280,105,zkSync
17281,96,zkSync
17282,89,zkSync
17283,79,zkSync
17284,87,zkSync
17285,98,zkSync
17286,86,zkSync
17287,76,zkSync
17288,82,zkSync
17289,95,zkSync
17290,91,zkSync
17291,85,zkSync
17292,77,zkSync
17293,89,zkSync
17294,83,zkSync
17295,85,zkSync
17296,91,zkSync
17297,74,zkSync
17298,92,zkSync
17299,94,zkSync
17300,79,zkSync
17301,82,zkSync
17302,86,zkSync
17303,83,zkSync
17304,84,zkSync
17305,73,zkSync
17306,77,zkSync
17307,82,zkSync
17308,92,zkSync
17309,83,zkSync
17310,84,zkSync
17311,92,zkSync
17312,77,zkSync
17313,85,zkSync
17314,81,zkSync
17315,87,zkSync
17316,86,zkSync
17317,80,zkSync
17318,77,zkSync
17319,92,zkSync
17320,85,zkSync
17321,94,zkSync
17322,79,zkSync
17323,82,zkSync
17324,79,zkSync
17325,79,zkSync
17326,98,zkSync
17327,77,zkSync
17328,79,zkSync
17329,77,zkSync
17330,81,zkSync
17331,79,zkSync
17332,83,zkSync
17333,78,zkSync
17334,102,zkSync
17335,80,zkSync
17336,94,zkSync
17337,84,zkSync
17338,78,zkSync
17339,91,zkSync
17340,106,zkSync
17341,96,zkSync
17342,81,zkSync
17343,83,zkSync
17344,78,zkSync
17345,83,zkSync
17346,78,zkSync
17347,79,zkSync
17348,103,zkSync
17349,83,zkSync
17350,83,zkSync
17351,91,zkSync
17352,88,zkSync
17353,81,zkSync
17354,77,zkSync
17355,65,zkSync
17356,85,zkSync
17357,81,zkSync
17358,82,zkSync
17359,100,zkSync
17360,74,zkSync
17361,74,zkSync
17362,93,zkSync
17363,86,zkSync
17364,78,zkSync
17365,80,zkSync
17366,73,zkSync
17367,80,zkSync
17368,100,zkSync
17369,101,zkSync
17370,91,zkSync
17371,89,zkSync
17372,77,zkSync
17373,95,zkSync
17374,92,zkSync
17375,74,zkSync
17376,84,zkSync
17377,83,zkSync
17378,86,zkSync
17379,84,zkSync
17380,83,zkSync
17381,90,zkSync
17382,90,zkSync
17383,92,zkSync
17384,99,zkSync
17385,79,zkSync
17386,98,zkSync
17387,80,zkSync
17388,90,zkSync
17389,103,zkSync
17390,98,zkSync
17391,73,zkSync
17392,94,zkSync
17393,92,zkSync
17394,86,zkSync
17395,82,zkSync
17396,78,zkSync
17397,73,zkSync
17398,81,zkSync
17399,83,zkSync
17400,95,zkSync
17401,84,zkSync
17402,79,zkSync
17403,74,zkSync
17404,82,zkSync
17405,76,zkSync
17406,84,zkSync
17407,105,zkSync
17408,78,zkSync
17409,79,zkSync
17410,94,zkSync
17411,83,zkSync
17412,89,zkSync
17413,86,zkSync
17414,81,zkSync
17415,84,zkSync
17416,91,zkSync
17417,78,zkSync
17418,80,zkSync
17419,91,zkSync
17420,90,zkSync
17421,84,zkSync
17422,81,zkSync
17423,82,zkSync
17424,87,zkSync
17425,99,zkSync
17426,89,zkSync
17427,79,zkSync
17428,81,zkSync
17429,79,zkSync
17430,87,zkSync
17431,81,zkSync
17432,80,zkSync
17433,85,zkSync
17434,96,zkSync
17435,83,zkSync
17436,80,zkSync
17437,89,zkSync
17438,78,zkSync
17439,84,zkSync
17440,80,zkSync
17441,85,zkSync
17442,77,zkSync
17443,77,zkSync
17444,92,zkSync
17445,77,zkSync
17446,81,zkSync
17447,79,zkSync
17448,90,zkSync
17449,92,zkSync
17450,78,zkSync
17451,92,zkSync
17452,90,zkSync
17453,87,zkSync
17454,78,zkSync
17455,85,zkSync
17456,83,zkSync
17457,84,zkSync
17458,84,zkSync
17459,96,zkSync
17460,80,zkSync
17461,78,zkSync
17462,85,zkSync
17463,84,zkSync
17464,89,zkSync
17465,75,zkSync
17466,86,zkSync
17467,88,zkSync
17468,87,zkSync
17469,79,zkSync
17470,79,zkSync
17471,86,zkSync
17472,76,zkSync
17473,74,zkSync
17474,83,zkSync
17475,78,zkSync
17476,78,zkSync
17477,93,zkSync
17478,78,zkSync
17479,90,zkSync
17480,77,zkSync
17481,76,zkSync
17482,80,zkSync
17483,89,zkSync
17484,82,zkSync
17485,75,zkSync
17486,92,zkSync
17487,95,zkSync
17488,85,zkSync
17489,78,zkSync
17490,93,zkSync
17491,87,zkSync
17492,85,zkSync
17493,91,zkSync
17494,84,zkSync
17495,78,zkSync
17496,81,zkSync
17497,95,zkSync
17498,72,zkSync
17499,94,zkSync
17500,84,zkSync
17501,89,zkSync
17502,102,zkSync
17503,86,zkSync
17504,90,zkSync
17505,109,zkSync
17506,86,zkSync
17507,93,zkSync
17508,91,zkSync
17509,82,zkSync
17510,96,zkSync
17511,82,zkSync
17512,108,zkSync
17513,92,zkSync
17514,86,zkSync
17515,86,zkSync
17516,82,zkSync
17517,85,zkSync
17518,83,zkSync
17519,92,zkSync
17520,79,zkSync
17521,105,zkSync
17522,99,zkSync
17523,98,zkSync
17524,94,zkSync
17525,88,zkSync
17526,82,zkSync
17527,80,zkSync
17528,78,zkSync
17529,95,zkSync
17530,91,zkSync
17531,83,zkSync
17532,88,zkSync
17533,78,zkSync
17534,88,zkSync
17535,83,zkSync
17536,84,zkSync
17537,123,zkSync
17538,95,zkSync
17539,87,zkSync
17540,91,zkSync
17541,95,zkSync
17542,88,zkSync
17543,82,zkSync
17544,98,zkSync
17545,96,zkSync
17546,95,zkSync
17547,85,zkSync
17548,84,zkSync
17549,104,zkSync
17550,86,zkSync
17551,90,zkSync
17552,82,zkSync
17553,97,zkSync
17554,82,zkSync
17555,100,zkSync
17556,92,zkSync
17557,95,zkSync
17558,83,zkSync
17559,84,zkSync
17560,77,zkSync
17561,110,zkSync
17562,90,zkSync
17563,89,zkSync
17564,83,zkSync
17565,95,zkSync
17566,88,zkSync
17567,88,zkSync
17568,90,zkSync
17569,104,zkSync
17570,79,zkSync
17571,89,zkSync
17572,80,zkSync
17573,88,zkSync
17574,89,zkSync
17575,91,zkSync
17576,93,zkSync
17577,92,zkSync
17578,78,zkSync
17579,82,zkSync
17580,85,zkSync
17581,101,zkSync
17582,78,zkSync
17583,86,zkSync
17584,88,zkSync
10303,511,dYdX
10304,478,dYdX
10305,465,dYdX
10306,620,dYdX
10307,420,dYdX
10308,364,dYdX
10309,499,dYdX
10310,272,dYdX
10311,282,dYdX
10312,428,dYdX
10313,344,dYdX
10314,340,dYdX
10315,291,dYdX
10316,295,dYdX
10317,312,dYdX
10318,297,dYdX
10319,283,dYdX
10320,382,dYdX
10321,487,dYdX
10322,508,dYdX
10323,541,dYdX
10324,453,dYdX
10325,496,dYdX
10326,481,dYdX
10327,447,dYdX
10328,406,dYdX
10329,455,dYdX
10330,386,dYdX
10331,382,dYdX
10332,415,dYdX
10333,439,dYdX
10334,457,dYdX
10335,521,dYdX
10336,486,dYdX
10337,512,dYdX
10338,437,dYdX
10339,560,dYdX
10340,383,dYdX
10341,397,dYdX
10342,442,dYdX
10343,452,dYdX
10344,472,dYdX
10345,455,dYdX
10346,478,dYdX
10347,503,dYdX
10348,494,dYdX
10349,610,dYdX
10350,478,dYdX
10351,417,dYdX
10352,389,dYdX
10353,476,dYdX
10354,484,dYdX
10355,504,dYdX
10356,513,dYdX
10357,473,dYdX
10358,521,dYdX
10359,438,dYdX
10360,488,dYdX
10361,495,dYdX
10362,493,dYdX
10363,492,dYdX
10364,547,dYdX
10365,442,dYdX
10366,457,dYdX
10367,475,dYdX
10368,579,dYdX
10369,474,dYdX
10370,539,dYdX
10371,474,dYdX
10372,441,dYdX
10373,398,dYdX
10374,504,dYdX
10375,427,dYdX
10376,362,dYdX
10377,423,dYdX
10378,514,dYdX
10379,434,dYdX
10380,443,dYdX
10381,446,dYdX
10382,437,dYdX
10383,479,dYdX
10384,523,dYdX
10385,544,dYdX
10386,404,dYdX
10387,445,dYdX
10388,503,dYdX
10389,552,dYdX
10390,504,dYdX
10391,552,dYdX
10392,426,dYdX
10393,404,dYdX
10394,420,dYdX
10395,438,dYdX
10396,432,dYdX
10397,550,dYdX
10398,500,dYdX
10399,506,dYdX
27866,1,ZKSpace
27867,2,ZKSpace
27868,3,ZKSpace
27869,4,ZKSpace
27870,3,ZKSpace
27871,6,ZKSpace
27872,2,ZKSpace
27873,2,ZKSpace
27874,3,ZKSpace
27875,1,ZKSpace
27876,9,ZKSpace
27877,2,ZKSpace
27878,3,ZKSpace
27879,1,ZKSpace
27880,4,ZKSpace
27881,1,ZKSpace
27882,7,ZKSpace
27883,3,ZKSpace
27884,7,ZKSpace
27885,5,ZKSpace
27886,2,ZKSpace
27887,2,ZKSpace
27888,2,ZKSpace
27889,1,ZKSpace
27890,1,ZKSpace
27891,1,ZKSpace
27892,1,ZKSpace
27893,5,ZKSpace
27894,2,ZKSpace
27895,1,ZKSpace
27896,4,ZKSpace
27897,1,ZKSpace
27898,1,ZKSpace
27899,3,ZKSpace
27900,2,ZKSpace
27901,1,ZKSpace
27902,1,ZKSpace
27903,1,ZKSpace
27904,1,ZKSpace
27905,1,ZKSpace
27906,3,ZKSpace
27907,2,ZKSpace
27908,3,ZKSpace
27909,1,ZKSpace
27910,2,ZKSpace
27911,2,ZKSpace
27912,1,ZKSpace
27913,1,ZKSpace
27914,4,ZKSpace
27915,8,ZKSpace
27916,69,ZKSpace
27917,3,ZKSpace
27918,10,ZKSpace
27919,13,ZKSpace
27920,3,ZKSpace
27921,3,ZKSpace
27922,4,ZKSpace
27923,4,ZKSpace
27924,1,ZKSpace
27925,8,ZKSpace
27926,15,ZKSpace
27927,3,ZKSpace
27928,9,ZKSpace
27929,3,ZKSpace
27930,7,ZKSpace
27931,3,ZKSpace
27932,2,ZKSpace
27933,1,ZKSpace
27934,2,ZKSpace
27935,3,ZKSpace
27936,2,ZKSpace
27937,2,ZKSpace
27938,3,ZKSpace
27939,2,ZKSpace
27940,4,ZKSpace
27941,1,ZKSpace
27942,1,ZKSpace
27943,4,ZKSpace
27944,3,ZKSpace
27945,3,ZKSpace
27946,1,ZKSpace
27947,2,ZKSpace
27948,3,ZKSpace
27949,27,ZKSpace
27950,11,ZKSpace
27951,12,ZKSpace
27952,8,ZKSpace
27953,11,ZKSpace
27954,17,ZKSpace
27955,7,ZKSpace
27956,9,ZKSpace
27957,20,ZKSpace
27958,10,ZKSpace
27959,3,ZKSpace
27960,8,ZKSpace
27961,30,ZKSpace
27962,22,ZKSpace
27963,11,ZKSpace
27964,3,ZKSpace
27965,1,ZKSpace
27967,35,ZKSpace
27968,4,ZKSpace
27969,1,ZKSpace
27970,11,ZKSpace
27971,20,ZKSpace
27972,19,ZKSpace
27973,13,ZKSpace
27974,10,ZKSpace
27975,8,ZKSpace
27976,3,ZKSpace
27977,1,ZKSpace
27978,32,ZKSpace
27979,2,ZKSpace
27980,11,ZKSpace
27981,16,ZKSpace
27982,14,ZKSpace
27983,9,ZKSpace
27984,4,ZKSpace
27985,13,ZKSpace
27986,14,ZKSpace
27987,5,ZKSpace
27988,1,ZKSpace
27989,3,ZKSpace
27990,9,ZKSpace
27991,39,ZKSpace
27992,33,ZKSpace
27993,13,ZKSpace
27994,25,ZKSpace
27995,1,ZKSpace
27996,14,ZKSpace
27997,11,ZKSpace
27998,2,ZKSpace
27999,1,ZKSpace
28000,21,ZKSpace
28001,6,ZKSpace
28002,3,ZKSpace
28003,22,ZKSpace
28004,3,ZKSpace
28005,2,ZKSpace
28006,3,ZKSpace
28007,2,ZKSpace
28008,20,ZKSpace
28009,9,ZKSpace
28010,10,ZKSpace
28011,7,ZKSpace
28012,23,ZKSpace
28013,1,ZKSpace
28014,4,ZKSpace
28015,2,ZKSpace
28016,15,ZKSpace
28017,2,ZKSpace
28018,20,ZKSpace
28019,14,ZKSpace
28020,1,ZKSpace
28021,2,ZKSpace
28022,1,ZKSpace
28023,14,ZKSpace
28024,14,ZKSpace
28025,17,ZKSpace
28026,6,ZKSpace
28027,2,ZKSpace
28028,1,ZKSpace
28029,24,ZKSpace
28030,16,ZKSpace
28031,33,ZKSpace
28032,9,ZKSpace
28033,9,ZKSpace
28034,4,ZKSpace
28035,13,ZKSpace
28036,17,ZKSpace
28037,19,ZKSpace
28038,9,ZKSpace
28039,9,ZKSpace
28040,5,ZKSpace
28041,2,ZKSpace
28042,5,ZKSpace
28043,23,ZKSpace
28044,6,ZKSpace
28045,9,ZKSpace
28046,8,ZKSpace
28047,18,ZKSpace
28048,18,ZKSpace
28049,4,ZKSpace
28050,15,ZKSpace
28051,2,ZKSpace
28052,12,ZKSpace
28053,53,ZKSpace
28054,9,ZKSpace
28055,21,ZKSpace
28056,25,ZKSpace
28057,22,ZKSpace
28058,6,ZKSpace
28059,9,ZKSpace
28060,20,ZKSpace
28061,2,ZKSpace
28062,7,ZKSpace
28063,1,ZKSpace
28064,2,ZKSpace
28065,1,ZKSpace
28066,19,ZKSpace
28067,13,ZKSpace
28068,29,ZKSpace
28069,12,ZKSpace
28070,1,ZKSpace
28071,3,ZKSpace
28072,9,ZKSpace
28073,19,ZKSpace
28074,13,ZKSpace
28075,4,ZKSpace
28076,1,ZKSpace
28077,28,ZKSpace
28078,9,ZKSpace
28079,13,ZKSpace
28080,15,ZKSpace
28081,28,ZKSpace
28082,22,ZKSpace
28083,10,ZKSpace
28084,6,ZKSpace
28085,16,ZKSpace
28086,3,ZKSpace
28087,5,ZKSpace
28088,4,ZKSpace
28089,11,ZKSpace
28090,9,ZKSpace
28091,5,ZKSpace
28092,5,ZKSpace
28093,2,ZKSpace
28094,18,ZKSpace
28095,16,ZKSpace
28096,17,ZKSpace
28097,16,ZKSpace
28098,7,ZKSpace
28099,34,ZKSpace
28100,28,ZKSpace
28101,5,ZKSpace
28102,25,ZKSpace
28103,2,ZKSpace
28104,2,ZKSpace
29506,350,Loopring
29507,313,Loopring
29508,171,Loopring
29509,217,Loopring
29510,287,Loopring
29511,293,Loopring
29512,206,Loopring
29513,159,Loopring
29514,130,Loopring
29515,190,Loopring
29516,121,Loopring
29517,190,Loopring
29518,72,Loopring
29519,367,Loopring
29520,143,Loopring
29521,68,Loopring
29522,190,Loopring
29523,200,Loopring
29524,384,Loopring
29525,384,Loopring
29526,384,Loopring
29527,349,Loopring
29528,112,Loopring
29529,384,Loopring
29530,311,Loopring
29531,205,Loopring
29532,384,Loopring
29533,384,Loopring
29534,384,Loopring
29535,383,Loopring
29536,300,Loopring
29537,384,Loopring
29538,384,Loopring
29539,374,Loopring
29540,383,Loopring
29541,270,Loopring
29542,368,Loopring
29543,384,Loopring
29544,384,Loopring
29545,338,Loopring
29546,354,Loopring
29547,384,Loopring
29548,349,Loopring
29549,308,Loopring
29550,384,Loopring
29551,319,Loopring
29552,245,Loopring
29553,384,Loopring
29554,384,Loopring
29555,342,Loopring
29556,384,Loopring
29557,117,Loopring
29558,183,Loopring
29559,281,Loopring
29560,268,Loopring
29561,82,Loopring
29562,175,Loopring
29563,368,Loopring
29564,384,Loopring
29565,250,Loopring
29566,262,Loopring
29567,154,Loopring
29568,189,Loopring
29569,126,Loopring
29570,288,Loopring
29571,73,Loopring
29572,207,Loopring
29573,104,Loopring
29574,141,Loopring
29575,376,Loopring
29576,180,Loopring
29577,141,Loopring
29578,117,Loopring
29579,140,Loopring
29580,222,Loopring
29581,268,Loopring
29582,296,Loopring
29583,285,Loopring
29584,257,Loopring
29585,269,Loopring
29586,342,Loopring
29587,220,Loopring
29588,171,Loopring
29589,384,Loopring
29590,384,Loopring
29591,384,Loopring
29592,384,Loopring
29593,384,Loopring
29594,302,Loopring
29595,384,Loopring
29596,384,Loopring
29597,384,Loopring
29598,234,Loopring
29599,384,Loopring
29600,151,Loopring
29601,301,Loopring
29602,351,Loopring
29603,296,Loopring
29604,273,Loopring
29605,153,Loopring
29607,287,Loopring
29608,192,Loopring
29609,171,Loopring
29610,229,Loopring
29611,363,Loopring
29612,228,Loopring
29613,236,Loopring
29614,159,Loopring
29615,145,Loopring
29616,214,Loopring
29617,124,Loopring
29618,275,Loopring
29619,329,Loopring
29620,384,Loopring
29621,384,Loopring
29622,64,Loopring
29623,122,Loopring
29624,99,Loopring
29625,62,Loopring
29626,79,Loopring
29627,154,Loopring
29628,339,Loopring
29629,361,Loopring
29630,219,Loopring
29631,285,Loopring
29632,225,Loopring
29633,303,Loopring
29634,327,Loopring
29635,384,Loopring
29636,191,Loopring
29637,294,Loopring
29638,239,Loopring
29639,137,Loopring
29640,384,Loopring
29641,384,Loopring
29642,384,Loopring
29643,384,Loopring
29644,384,Loopring
29645,294,Loopring
29646,338,Loopring
29647,384,Loopring
29648,384,Loopring
29649,339,Loopring
29650,362,Loopring
29651,370,Loopring
29652,141,Loopring
29653,369,Loopring
29654,241,Loopring
29655,328,Loopring
29656,384,Loopring
29657,186,Loopring
29658,294,Loopring
29659,239,Loopring
29660,137,Loopring
29661,351,Loopring
29662,302,Loopring
29663,209,Loopring
29664,117,Loopring
29665,190,Loopring
29666,95,Loopring
29667,384,Loopring
29668,355,Loopring
29669,384,Loopring
29670,149,Loopring
29671,170,Loopring
29672,191,Loopring
29673,141,Loopring
29674,117,Loopring
29675,150,Loopring
29676,173,Loopring
29677,174,Loopring
29678,186,Loopring
29679,179,Loopring
29680,384,Loopring
29681,384,Loopring
29682,384,Loopring
29683,210,Loopring
29684,209,Loopring
29685,177,Loopring
29686,167,Loopring
29687,384,Loopring
29688,277,Loopring
29689,247,Loopring
29690,174,Loopring
29691,370,Loopring
29692,282,Loopring
29693,107,Loopring
29694,345,Loopring
29695,252,Loopring
29696,328,Loopring
29697,384,Loopring
29698,384,Loopring
29699,384,Loopring
29700,384,Loopring
29701,384,Loopring
29702,384,Loopring
29703,384,Loopring
29704,384,Loopring
29705,384,Loopring
29706,384,Loopring
29707,384,Loopring
29708,384,Loopring
29709,384,Loopring
29710,384,Loopring
29711,321,Loopring
29712,310,Loopring
29713,384,Loopring
29714,384,Loopring
29715,384,Loopring
29716,384,Loopring
29717,328,Loopring
29718,338,Loopring
29719,319,Loopring
29720,334,Loopring
29721,351,Loopring
29722,356,Loopring
29723,184,Loopring
29724,172,Loopring
29725,187,Loopring
29726,223,Loopring
29727,311,Loopring
29728,219,Loopring
29729,384,Loopring
29730,285,Loopring
29731,300,Loopring
29732,363,Loopring
29733,221,Loopring
29734,317,Loopring
29735,341,Loopring
29736,384,Loopring
29737,240,Loopring
29738,243,Loopring
29739,203,Loopring
29740,384,Loopring
29741,167,Loopring
29742,254,Loopring
29743,384,Loopring
29744,216,Loopring
29745,215,Loopring
29746,266,Loopring
29747,172,Loopring
29748,167,Loopring
29749,219,Loopring
29750,289,Loopring
29751,285,Loopring
29752,384,Loopring
29753,363,Loopring
29754,281,Loopring
29755,284,Loopring
29756,384,Loopring
29757,384,Loopring
29758,384,Loopring
29759,384,Loopring
29760,382,Loopring
29761,143,Loopring
29762,384,Loopring
29763,384,Loopring
29764,384,Loopring
29765,384,Loopring
29766,384,Loopring
29767,278,Loopring
29768,318,Loopring
29769,361,Loopring
29770,384,Loopring
29771,289,Loopring
29772,384,Loopring
29773,362,Loopring
29774,247,Loopring
29775,384,Loopring
29776,384,Loopring
29777,270,Loopring
29778,356,Loopring
29779,227,Loopring
29780,184,Loopring
29781,312,Loopring
29782,142,Loopring
29783,111,Loopring
29784,77,Loopring
29785,209,Loopring
29786,105,Loopring
29787,134,Loopring
29788,384,Loopring
29789,104,Loopring
29790,119,Loopring
29791,91,Loopring
29792,77,Loopring
29793,46,Loopring
29794,143,Loopring
29795,122,Loopring
29796,112,Loopring
29797,112,Loopring
29798,158,Loopring
29799,112,Loopring
29800,152,Loopring
29801,384,Loopring
29802,167,Loopring
29803,183,Loopring
29804,153,Loopring
29805,175,Loopring
29806,282,Loopring
29807,298,Loopring
29808,249,Loopring
29809,239,Loopring
29810,222,Loopring
29811,229,Loopring
29812,346,Loopring
29813,158,Loopring
29814,249,Loopring
29815,384,Loopring
29816,323,Loopring
29817,246,Loopring
29818,384,Loopring
29819,364,Loopring
29820,384,Loopring
29821,356,Loopring
29822,384,Loopring
29823,384,Loopring
29824,355,Loopring
29825,51,Loopring
29826,177,Loopring
29827,93,Loopring
29828,88,Loopring
29829,230,Loopring
29830,93,Loopring
29831,99,Loopring
29832,113,Loopring
29833,290,Loopring
29834,163,Loopring
29835,197,Loopring
29836,130,Loopring
29837,245,Loopring
29838,246,Loopring
29839,92,Loopring
29840,277,Loopring
29841,384,Loopring
29842,384,Loopring
29843,384,Loopring
29844,384,Loopring
29845,212,Loopring
29846,51,Loopring
29847,177,Loopring
29848,93,Loopring
29849,106,Loopring
29850,359,Loopring
29851,195,Loopring
29852,248,Loopring
29853,303,Loopring
29854,336,Loopring
29855,270,Loopring
29856,304,Loopring
29857,271,Loopring
29858,327,Loopring
29859,234,Loopring
29860,346,Loopring
29861,384,Loopring
29862,384,Loopring
29863,384,Loopring
29864,384,Loopring
29865,384,Loopring
29866,384,Loopring
29867,380,Loopring
29868,98,Loopring
29869,384,Loopring
29870,325,Loopring
29871,266,Loopring
29872,199,Loopring
29873,384,Loopring
29874,260,Loopring
29875,336,Loopring
29876,384,Loopring
29877,172,Loopring